name,houseNumbers,districtNumber,schoolId
Ahornweg,gesamt,06,Grundschule+Hanna+von+Pestalozza
Alt Döberitzer Weg,gesamt,06,Grundschule+Hanna+von+Pestalozza
Alter Weinberg,gesamt,06,Grundschule+Hanna+von+Pestalozza
Am Anger,gesamt,06,Grundschule+Hanna+von+Pestalozza
Am Fenn Groß Glienicke,gesamt,06,Grundschule+Hanna+von+Pestalozza
Am Glienicker Mühlenberg,gesamt,06,Grundschule+Hanna+von+Pestalozza
Am Gutstor,gesamt,06,Grundschule+Hanna+von+Pestalozza
Am Hämphorn,gesamt,06,Grundschule+Hanna+von+Pestalozza
Am Meedehorn,gesamt,06,Grundschule+Hanna+von+Pestalozza
Am Park,gesamt,06,Grundschule+Hanna+von+Pestalozza
Am Schlahn,gesamt,06,Grundschule+Hanna+von+Pestalozza
Am Seeblick,gesamt,06,Grundschule+Hanna+von+Pestalozza
Am Waldfrieden,gesamt,06,Grundschule+Hanna+von+Pestalozza
An der Kirche,gesamt,06,Grundschule+Hanna+von+Pestalozza
An der Sporthalle,gesamt,06,Grundschule+Hanna+von+Pestalozza
Bergstr.,gesamt,06,Grundschule+Hanna+von+Pestalozza
Birkenweg Groß Glienicke,gesamt,06,Grundschule+Hanna+von+Pestalozza
Braumannweg,gesamt,06,Grundschule+Hanna+von+Pestalozza
Bullenwinkel,gesamt,06,Grundschule+Hanna+von+Pestalozza
Christoph-Friedrich-Weg,gesamt,06,Grundschule+Hanna+von+Pestalozza
Christophorusweg,gesamt,06,Grundschule+Hanna+von+Pestalozza
Dohlenweg,gesamt,06,Grundschule+Hanna+von+Pestalozza
Ebereschenweg Groß Glienicke,gesamt,06,Grundschule+Hanna+von+Pestalozza
Eichengrund,gesamt,06,Grundschule+Hanna+von+Pestalozza
Ernst-Thälmann-Str.,gesamt,06,Grundschule+Hanna+von+Pestalozza
Eva-Katharina-Weg,gesamt,06,Grundschule+Hanna+von+Pestalozza
Fährstr.,gesamt,06,Grundschule+Hanna+von+Pestalozza
Forstallee,gesamt,06,Grundschule+Hanna+von+Pestalozza
Freiheitstr.,gesamt,06,Grundschule+Hanna+von+Pestalozza
GA Anglerwiese,gesamt,06,Grundschule+Hanna+von+Pestalozza
GA Meedehorn,gesamt,06,Grundschule+Hanna+von+Pestalozza
Glienicker Dorfstr.,gesamt,06,Grundschule+Hanna+von+Pestalozza
Grüner Weg Groß Glienicke,gesamt,06,Grundschule+Hanna+von+Pestalozza
Güntherweg,gesamt,06,Grundschule+Hanna+von+Pestalozza
Hainbuchenweg,gesamt,06,Grundschule+Hanna+von+Pestalozza
Hans-Georg-Str.,gesamt,06,Grundschule+Hanna+von+Pestalozza
Hechtsprung,gesamt,06,Grundschule+Hanna+von+Pestalozza
Heinz-Sielmann-Ring,gesamt,06,Grundschule+Hanna+von+Pestalozza
Helmut-Just-Str.,gesamt,06,Grundschule+Hanna+von+Pestalozza
Hermann-Krome-Weg,gesamt,06,Grundschule+Hanna+von+Pestalozza
Hüfnerweg,gesamt,06,Grundschule+Hanna+von+Pestalozza
Im Hirschen,gesamt,06,Grundschule+Hanna+von+Pestalozza
Im Königswald,gesamt,06,Grundschule+Hanna+von+Pestalozza
Interessentenweg,gesamt,06,Grundschule+Hanna+von+Pestalozza
Isoldestr.,gesamt,06,Grundschule+Hanna+von+Pestalozza
Kladower Str.,gesamt,06,Grundschule+Hanna+von+Pestalozza
Krampnitzer Str.,gesamt,06,Grundschule+Hanna+von+Pestalozza
Krampnitzer Weg,gesamt,06,Grundschule+Hanna+von+Pestalozza
Landhausstr.,gesamt,06,Grundschule+Hanna+von+Pestalozza
Margarethe-Gottliebe-Weg,gesamt,06,Grundschule+Hanna+von+Pestalozza
Nibelungenstr.,gesamt,06,Grundschule+Hanna+von+Pestalozza
Parzivalstr.,gesamt,06,Grundschule+Hanna+von+Pestalozza
Pilzweg,gesamt,06,Grundschule+Hanna+von+Pestalozza
Potsdamer Chaussee Groß Glienicke,ung. 1-51 ; ger. 2-124D,06,Grundschule+Hanna+von+Pestalozza
Rehsprung,gesamt,06,Grundschule+Hanna+von+Pestalozza
Ribbeckweg,gesamt,06,Grundschule+Hanna+von+Pestalozza
Richard-Wagner-Str.,gesamt,06,Grundschule+Hanna+von+Pestalozza
Rotdornweg Groß Glienicke,gesamt,06,Grundschule+Hanna+von+Pestalozza
Sacrower Allee,gesamt,06,Grundschule+Hanna+von+Pestalozza
Schulzenlandweg,gesamt,06,Grundschule+Hanna+von+Pestalozza
Seeburger Chaussee,gesamt,06,Grundschule+Hanna+von+Pestalozza
Seepromenade,gesamt,06,Grundschule+Hanna+von+Pestalozza
St-Anna-Str.,gesamt,06,Grundschule+Hanna+von+Pestalozza
Theodor-Fontane-Str.,gesamt,06,Grundschule+Hanna+von+Pestalozza
Triftweg Groß Glienicke,gesamt,06,Grundschule+Hanna+von+Pestalozza
Tristanstr.,gesamt,06,Grundschule+Hanna+von+Pestalozza
Ulrich-Steinhauer-Str.,gesamt,06,Grundschule+Hanna+von+Pestalozza
Von-Oppen-Weg,gesamt,06,Grundschule+Hanna+von+Pestalozza
Waldweg,gesamt,06,Grundschule+Hanna+von+Pestalozza
Weinmeisterweg,gesamt,06,Grundschule+Hanna+von+Pestalozza
Wendensteig,gesamt,06,Grundschule+Hanna+von+Pestalozza
Zur Anglerwiese,gesamt,06,Grundschule+Hanna+von+Pestalozza
Am Friedhof Fahrland,gesamt,07,Regenbogenschule+Fahrland
Am Friedrichspark,gesamt,07,Regenbogenschule+Fahrland
Am Garten,gesamt,07,Regenbogenschule+Fahrland
Am Kanal Marquardt,gesamt,07,Regenbogenschule+Fahrland
Am Kirchberg,ohne HNr.,07,Regenbogenschule+Fahrland
Am Pappelgrund,gesamt,07,Regenbogenschule+Fahrland
Am Parkplatz,gesamt,07,Regenbogenschule+Fahrland
Am Schlänitzsee,gesamt,07,Regenbogenschule+Fahrland
Am Spitzen Berg,gesamt,07,Regenbogenschule+Fahrland
Am Upstall,gesamt,07,Regenbogenschule+Fahrland
Am Upstallgraben,gesamt,07,Regenbogenschule+Fahrland
Am Weinberg,gesamt,07,Regenbogenschule+Fahrland
Am Wiesenrand,ohne HNr.,07,Regenbogenschule+Fahrland
Amselweg,gesamt,07,Regenbogenschule+Fahrland
An den Eisbergstücken,gesamt,07,Regenbogenschule+Fahrland
An den Leddigen,gesamt,07,Regenbogenschule+Fahrland
An der alten Kreisstr.,gesamt,07,Regenbogenschule+Fahrland
An der Eisenbahnbrücke,gesamt,07,Regenbogenschule+Fahrland
An der Jubelitz,gesamt,07,Regenbogenschule+Fahrland
An der Obstplantage,gesamt,07,Regenbogenschule+Fahrland
An der Windmühle,gesamt,07,Regenbogenschule+Fahrland
An der Wublitz,gesamt,07,Regenbogenschule+Fahrland
Bahnhofstr. Satzkorn,gesamt,07,Regenbogenschule+Fahrland
Birnenweg Satzkorn,gesamt,07,Regenbogenschule+Fahrland
Blumenweg Marquardt,gesamt,07,Regenbogenschule+Fahrland
Döberitzer Str.,gesamt,07,Regenbogenschule+Fahrland
Dorfstr. Satzkorn,gesamt,07,Regenbogenschule+Fahrland
Drei Mohren,ung. 1 ; ger. 2,07,Regenbogenschule+Fahrland
Driftweg,gesamt,07,Regenbogenschule+Fahrland
Drosselweg,gesamt,07,Regenbogenschule+Fahrland
Eichenallee Satzkorn,gesamt,07,Regenbogenschule+Fahrland
Eschenweg,gesamt,07,Regenbogenschule+Fahrland
Fahrländer Allee,gesamt,07,Regenbogenschule+Fahrland
Fahrländer Chaussee,gesamt,07,Regenbogenschule+Fahrland
Fahrländer Str.,gesamt,07,Regenbogenschule+Fahrland
Fährweg,gesamt,07,Regenbogenschule+Fahrland
Fasanenweg,gesamt,07,Regenbogenschule+Fahrland
Finkenweg Marquardt,gesamt,07,Regenbogenschule+Fahrland
Gartenstr. Fahrland,gesamt,07,Regenbogenschule+Fahrland
Gellertstr.,gesamt,07,Regenbogenschule+Fahrland
Gladiolenweg,gesamt,07,Regenbogenschule+Fahrland
Glienicker Weg,gesamt,07,Regenbogenschule+Fahrland
Hannoversche Str.,gesamt,07,Regenbogenschule+Fahrland
Haseleck,gesamt,07,Regenbogenschule+Fahrland
Hasensteg,gesamt,07,Regenbogenschule+Fahrland
Hauptstr.,gesamt,07,Regenbogenschule+Fahrland
Im Park,gesamt,07,Regenbogenschule+Fahrland
Im Winkel,gesamt,07,Regenbogenschule+Fahrland
Kanalweg,gesamt,07,Regenbogenschule+Fahrland
Kartzower Dorfstr.,gesamt,07,Regenbogenschule+Fahrland
Kastanienweg,gesamt,07,Regenbogenschule+Fahrland
Ketziner Str.,gesamt,07,Regenbogenschule+Fahrland
Kienhorststr.,gesamt,07,Regenbogenschule+Fahrland
Kietzer Str.,gesamt,07,Regenbogenschule+Fahrland
Kirschweg,gesamt,07,Regenbogenschule+Fahrland
Kohlmeisenweg,gesamt,07,Regenbogenschule+Fahrland
Lindenstr. Satzkorn,gesamt,07,Regenbogenschule+Fahrland
Märkerring,gesamt,07,Regenbogenschule+Fahrland
Marquardter Str. Ausbau,gesamt,07,Regenbogenschule+Fahrland
Marquardter Str. Fahrland,gesamt,07,Regenbogenschule+Fahrland
Martinsweg,1 ,07,Regenbogenschule+Fahrland
Milanring,gesamt,07,Regenbogenschule+Fahrland
Mühlenring,gesamt,07,Regenbogenschule+Fahrland
Müllerweg,gesamt,07,Regenbogenschule+Fahrland
Obstbaumweg,gesamt,07,Regenbogenschule+Fahrland
Paarener Dorfstr.,gesamt,07,Regenbogenschule+Fahrland
Paarener Mühlenweg,gesamt,07,Regenbogenschule+Fahrland
Pappelallee Fahrland,gesamt,07,Regenbogenschule+Fahrland
Pastor-Moritz-Str.,gesamt,07,Regenbogenschule+Fahrland
Paul-Lange-Bey-Str.,gesamt,07,Regenbogenschule+Fahrland
Plantagenweg,gesamt,07,Regenbogenschule+Fahrland
Potsdamer Chaussee Fahrland,gesamt,07,Regenbogenschule+Fahrland
Potsdamer Chaussee Groß Glienicke,ohne HNr.,07,Regenbogenschule+Fahrland
Potsdamer Str. Uetz-Paaren,gesamt,07,Regenbogenschule+Fahrland
Priesterstr.,gesamt,07,Regenbogenschule+Fahrland
Privatweg,gesamt,07,Regenbogenschule+Fahrland
Rieswerder Stich,gesamt,07,Regenbogenschule+Fahrland
Rönsahler Str.,gesamt,07,Regenbogenschule+Fahrland
Rosenweg Satzkorn,gesamt,07,Regenbogenschule+Fahrland
Rotkehlchenweg,gesamt,07,Regenbogenschule+Fahrland
Satzkorner Bergstr.,gesamt,07,Regenbogenschule+Fahrland
Satzkorner Ringstr.,gesamt,07,Regenbogenschule+Fahrland
Satzkorner Weg,gesamt,07,Regenbogenschule+Fahrland
Schmidtweg,gesamt,07,Regenbogenschule+Fahrland
Schoriner Weg,gesamt,07,Regenbogenschule+Fahrland
Schulstr. Marquardt,gesamt,07,Regenbogenschule+Fahrland
Schusterweg,gesamt,07,Regenbogenschule+Fahrland
Schwarzer Weg Uetz-Paaren,gesamt,07,Regenbogenschule+Fahrland
Seestr. Marquardt,gesamt,07,Regenbogenschule+Fahrland
Siedlung,gesamt,07,Regenbogenschule+Fahrland
Spielstr.,gesamt,07,Regenbogenschule+Fahrland
Straße des Friedens,gesamt,07,Regenbogenschule+Fahrland
Straße zum Bahnhof,gesamt,07,Regenbogenschule+Fahrland
Tulpenweg,gesamt,07,Regenbogenschule+Fahrland
Uetzer Dorfstr.,gesamt,07,Regenbogenschule+Fahrland
von-Stechow-Str.,gesamt,07,Regenbogenschule+Fahrland
Weberstr.,gesamt,07,Regenbogenschule+Fahrland
Weg nach Satzkorn,gesamt,07,Regenbogenschule+Fahrland
Zum Bahnübergang,gesamt,07,Regenbogenschule+Fahrland
Zum Storchennest,gesamt,07,Regenbogenschule+Fahrland
Am Luftschiffhafen,gesamt,23,Zeppelin-Grundschule
Am Neuen Palais,ung. 1-7 ; ger. 2-10,23,Zeppelin-Grundschule
Am Wildpark,gesamt,23,Zeppelin-Grundschule
An der Pirschheide,gesamt,23,Zeppelin-Grundschule
Auf dem Kiewitt,ung. 1-33A ; ger. 2-32,23,Zeppelin-Grundschule
Elisenweg,gesamt,23,Zeppelin-Grundschule
Feldweg,gesamt,23,Zeppelin-Grundschule
Fichtestr.,gesamt,23,Zeppelin-Grundschule
Forststr.,gesamt,23,Zeppelin-Grundschule
GA Alte Mühle,gesamt,23,Zeppelin-Grundschule
GA Birnbaumenden,gesamt,23,Zeppelin-Grundschule
GA Geschwister Scholl,gesamt,23,Zeppelin-Grundschule
GA Krähenbusch,gesamt,23,Zeppelin-Grundschule
GA Lindengrund,gesamt,23,Zeppelin-Grundschule
GA Reichsbahn,gesamt,23,Zeppelin-Grundschule
GA Unverzagt Fliederweg,gesamt,23,Zeppelin-Grundschule
GA Unverzagt Nord,gesamt,23,Zeppelin-Grundschule
GA Unverzagt Rosenweg,gesamt,23,Zeppelin-Grundschule
GA Werderscher Weg,gesamt,23,Zeppelin-Grundschule
Georg-Klingenberg-Ufer,gesamt,23,Zeppelin-Grundschule
Geschw.-Scholl-Str.,ung. 37-97 ; ger. 38-96,23,Zeppelin-Grundschule
Gontardstr.,gesamt,23,Zeppelin-Grundschule
Grillparzerstr.,gesamt,23,Zeppelin-Grundschule
Haeckelstr.,gesamt,23,Zeppelin-Grundschule
Havelwelle,gesamt,23,Zeppelin-Grundschule
Im Bogen,gesamt,23,Zeppelin-Grundschule
Im Wildpark,gesamt,23,Zeppelin-Grundschule
Immenseestr.,gesamt,23,Zeppelin-Grundschule
Kantstr.,gesamt,23,Zeppelin-Grundschule
Kastanienallee,gesamt,23,Zeppelin-Grundschule
Knobelsdorffstr.,gesamt,23,Zeppelin-Grundschule
Kuhforter Damm,gesamt,23,Zeppelin-Grundschule
Maulbeerallee,ohne HNr.,23,Zeppelin-Grundschule
Maybachstr.,gesamt,23,Zeppelin-Grundschule
Mertz-von-Quirnheim-Str.,gesamt,23,Zeppelin-Grundschule
Mittelweg,gesamt,23,Zeppelin-Grundschule
Nansenstr.,ohne HNr.,23,Zeppelin-Grundschule
Olympischer Weg,gesamt,23,Zeppelin-Grundschule
Reinhold-Mohr-Ufer,gesamt,23,Zeppelin-Grundschule
Roseggerstr.,gesamt,23,Zeppelin-Grundschule
Schillerplatz,gesamt,23,Zeppelin-Grundschule
Schillerstr.,gesamt,23,Zeppelin-Grundschule
Schlüterstr.,gesamt,23,Zeppelin-Grundschule
Sonnenlandstr.,gesamt,23,Zeppelin-Grundschule
Stadtheide,gesamt,23,Zeppelin-Grundschule
Stiftstr.,gesamt,23,Zeppelin-Grundschule
Stormstr.,gesamt,23,Zeppelin-Grundschule
Ungerstr.,gesamt,23,Zeppelin-Grundschule
Werderscher Damm,gesamt,23,Zeppelin-Grundschule
Werderscher Weg,gesamt,23,Zeppelin-Grundschule
Wielandstr.,gesamt,23,Zeppelin-Grundschule
Zeppelinstr.,ung. 29-163A ; ger. 28-162,23,Zeppelin-Grundschule
Zum Bahnhof Pirschheide,gesamt,23,Zeppelin-Grundschule
Am Nuthetal,ger. 2-24,40,Weidenhof-Grundschule
An der Alten Zauche,ung. 45 ; ger. 2-50,40,Weidenhof-Grundschule
Biberkiez,gesamt,40,Weidenhof-Grundschule
Binsenhof,gesamt,40,Weidenhof-Grundschule
Bisamkiez,gesamt,40,Weidenhof-Grundschule
Drewitzer Str.,ung. 1 ; ger. 2-2B,40,Weidenhof-Grundschule
Erlenhof,gesamt,40,Weidenhof-Grundschule
Falkenhorst,gesamt,40,Weidenhof-Grundschule
GA An der Alten Zauche,gesamt,40,Weidenhof-Grundschule
GA Erlengrund,gesamt,40,Weidenhof-Grundschule
GA Käthe Kollwitz,gesamt,40,Weidenhof-Grundschule
Habichthorst,gesamt,40,Weidenhof-Grundschule
Heinrich-Mann-Allee,ger. 120-120B,40,Weidenhof-Grundschule
Hermann-Muthesius-Str.,gesamt,40,Weidenhof-Grundschule
Horstweg,94 ,40,Weidenhof-Grundschule
Horstweg,ger. 98-108,40,Weidenhof-Grundschule
Inselhof,gesamt,40,Weidenhof-Grundschule
Julius-Posener-Str.,gesamt,40,Weidenhof-Grundschule
Magnus-Zeller-Platz,gesamt,40,Weidenhof-Grundschule
Meisenweg,102 ,40,Weidenhof-Grundschule
Milanhorst,gesamt,40,Weidenhof-Grundschule
Otterkiez,gesamt,40,Weidenhof-Grundschule
Pappelhof,gesamt,40,Weidenhof-Grundschule
Schilfhof,gesamt,40,Weidenhof-Grundschule
Sperberhorst,gesamt,40,Weidenhof-Grundschule
Unter den Eichen,58 ,40,Weidenhof-Grundschule
Weidenhof,gesamt,40,Weidenhof-Grundschule
Wieselkiez,gesamt,40,Weidenhof-Grundschule
Wiesenhof,gesamt,40,Weidenhof-Grundschule
Alte Gärtnerei,gesamt,27,Waldstadt-Grundschule
Am Alten Friedhof,gesamt,27,Waldstadt-Grundschule
Am Brunnen,gesamt,27,Waldstadt-Grundschule
Am Buchhorst,gesamt,27,Waldstadt-Grundschule
Am Bürohochhaus,gesamt,27,Waldstadt-Grundschule
Am Fenn,gesamt,27,Waldstadt-Grundschule
Am Försteracker,gesamt,27,Waldstadt-Grundschule
Am Nuthetal,ohne HNr.,27,Waldstadt-Grundschule
Am Plantagenhaus,gesamt,27,Waldstadt-Grundschule
Am Stadtrand,gesamt,27,Waldstadt-Grundschule
Am Wald,gesamt,27,Waldstadt-Grundschule
An den Kopfweiden,gesamt,27,Waldstadt-Grundschule
An der Alten Zauche,ohne HNr.,27,Waldstadt-Grundschule
An der Brauerei,gesamt,27,Waldstadt-Grundschule
Bergholzer Str.,gesamt,27,Waldstadt-Grundschule
Bernh.-Kellermann-Str.,gesamt,27,Waldstadt-Grundschule
Bertolt-Brecht-Str.,gesamt,27,Waldstadt-Grundschule
Birkengrund,gesamt,27,Waldstadt-Grundschule
Brunnenallee,gesamt,27,Waldstadt-Grundschule
Caputher Heuweg,ohne HNr.,27,Waldstadt-Grundschule
Damaschkeweg,gesamt,27,Waldstadt-Grundschule
Drevesstr.,gesamt,27,Waldstadt-Grundschule
Drewitzer Str.,ung. 3-51 ; ger. 4-50,27,Waldstadt-Grundschule
Eduard-Claudius-Str.,gesamt,27,Waldstadt-Grundschule
Erich-Weinert-Str.,gesamt,27,Waldstadt-Grundschule
Friedhofsgasse,ger. 2-6,27,Waldstadt-Grundschule
Friedrich-Engels-Str.,ung. 17-23 ; ger. 18-24,27,Waldstadt-Grundschule
Friedrich-Wolf-Str.,gesamt,27,Waldstadt-Grundschule
GA Nuthestrand 2,gesamt,27,Waldstadt-Grundschule
GA Oberförsterwiese,gesamt,27,Waldstadt-Grundschule
Ginsterweg,gesamt,27,Waldstadt-Grundschule
Handelshof,gesamt,27,Waldstadt-Grundschule
Hasensprung,gesamt,27,Waldstadt-Grundschule
Hegemeisterweg,gesamt,27,Waldstadt-Grundschule
Heidereiterweg,gesamt,27,Waldstadt-Grundschule
Heimrode,gesamt,27,Waldstadt-Grundschule
Heinrich-Mann-Allee,ger. 26-92,27,Waldstadt-Grundschule
Heinrich-Mann-Allee,ung. 27-105C ; ger. 104-106A,27,Waldstadt-Grundschule
Horstweg,ung. 105 -109; ger. 96,27,Waldstadt-Grundschule
Horstweg,ung. 53-57,27,Waldstadt-Grundschule
Joh.-R.-Becher-Str.,gesamt,27,Waldstadt-Grundschule
Käthe-Kollwitz-Str.,gesamt,27,Waldstadt-Grundschule
Käuzchenweg,gesamt,27,Waldstadt-Grundschule
Kolonie Daheim,gesamt,27,Waldstadt-Grundschule
Kottmeierstr.,gesamt,27,Waldstadt-Grundschule
Kuckucksruf,gesamt,27,Waldstadt-Grundschule
Kunersdorfer Str.,gesamt,27,Waldstadt-Grundschule
Kurze Str.,gesamt,27,Waldstadt-Grundschule
Lisdorf,gesamt,27,Waldstadt-Grundschule
Meisenweg,ung. 1-13 ; ger. 2-12,27,Waldstadt-Grundschule
Möbelhof,gesamt,27,Waldstadt-Grundschule
Nuthedamm,ung. 1 -1B; ger. 32,27,Waldstadt-Grundschule
Nuthedamm,ung. 31-33,27,Waldstadt-Grundschule
Nuthewinkel,gesamt,27,Waldstadt-Grundschule
Ravensberggestell,2 ,27,Waldstadt-Grundschule
Ravensbergweg,gesamt,27,Waldstadt-Grundschule
Saarmunder Str.,ung. 7-45 ; ger. 2-32,27,Waldstadt-Grundschule
Schlaatzstr.,gesamt,27,Waldstadt-Grundschule
Schlaatzweg,gesamt,27,Waldstadt-Grundschule
Sophie-Alberti-Str.,gesamt,27,Waldstadt-Grundschule
Tiroler Damm,gesamt,27,Waldstadt-Grundschule
Unter den Eichen,ung. 1-49 ; ger. 2-50,27,Waldstadt-Grundschule
Verkehrshof,gesamt,27,Waldstadt-Grundschule
Vogelsang,gesamt,27,Waldstadt-Grundschule
Waldstr.,gesamt,27,Waldstadt-Grundschule
Zum Heizwerk,gesamt,27,Waldstadt-Grundschule
Zum Jagenstein,ung. 1-37,27,Waldstadt-Grundschule
Zum Kahleberg,ung. 1 -13; ger. 4,27,Waldstadt-Grundschule
Zur Nuthe,gesamt,27,Waldstadt-Grundschule
Albert-Wilkening-Str.,gesamt,33,Schule+am+Griebnitzsee
Alfred-Hirschmeier-Str.,gesamt,33,Schule+am+Griebnitzsee
Allee nach Glienicke,ung. 83-85,33,Schule+am+Griebnitzsee
Am Klubhaus,gesamt,33,Schule+am+Griebnitzsee
Am Sportplatz,gesamt,33,Schule+am+Griebnitzsee
An der Sandscholle,ung. 3-5 ; ger. 2-52,33,Schule+am+Griebnitzsee
An der Sternwarte,ung. 21-23,33,Schule+am+Griebnitzsee
August-Bebel-Str.,gesamt,33,Schule+am+Griebnitzsee
August-Bier-Str.,gesamt,33,Schule+am+Griebnitzsee
Baldurstr.,gesamt,33,Schule+am+Griebnitzsee
Behringstr.,gesamt,33,Schule+am+Griebnitzsee
Billy-Wilder-Platz,gesamt,33,Schule+am+Griebnitzsee
Blumenweg,gesamt,33,Schule+am+Griebnitzsee
Bruno-H.-Bürgel-Str.,ung. 3-71,33,Schule+am+Griebnitzsee
Dianastr.,gesamt,33,Schule+am+Griebnitzsee
Domstr.,gesamt,33,Schule+am+Griebnitzsee
Donarstr.,ung. 1-17 ; ger. 2-32,33,Schule+am+Griebnitzsee
Emil-Jannings-Str.,gesamt,33,Schule+am+Griebnitzsee
Espengrund,gesamt,33,Schule+am+Griebnitzsee
Filchnerstr.,gesamt,33,Schule+am+Griebnitzsee
Fontanestr.,gesamt,33,Schule+am+Griebnitzsee
Försterweg,gesamt,33,Schule+am+Griebnitzsee
Franz-Mehring-Str.,gesamt,33,Schule+am+Griebnitzsee
Freiligrathstr.,gesamt,33,Schule+am+Griebnitzsee
Friedrich-Holländer-Str.,gesamt,33,Schule+am+Griebnitzsee
G.-W.-Pabst-Str.,gesamt,33,Schule+am+Griebnitzsee
GA Birkenhain,gesamt,33,Schule+am+Griebnitzsee
Gertrud-Droste-Platz,gesamt,33,Schule+am+Griebnitzsee
Goethestr.,gesamt,33,Schule+am+Griebnitzsee
Großbeerenstr.,ger. 170-204,33,Schule+am+Griebnitzsee
Heinestr.,gesamt,33,Schule+am+Griebnitzsee
Heinrich-George-Str.,gesamt,33,Schule+am+Griebnitzsee
Heinz-Rühmann-Weg,gesamt,33,Schule+am+Griebnitzsee
Herderstr.,gesamt,33,Schule+am+Griebnitzsee
Hermann-Maaß-Str.,ger. 2-54,33,Schule+am+Griebnitzsee
Hermann-Maaß-Str.,ung. 3 -77; ger. 70,33,Schule+am+Griebnitzsee
Herthastr.,gesamt,33,Schule+am+Griebnitzsee
Hiroshima-Nagasaki-Platz,gesamt,33,Schule+am+Griebnitzsee
Jägersteig,gesamt,33,Schule+am+Griebnitzsee
Joe-May-Str.,gesamt,33,Schule+am+Griebnitzsee
Johann-Strauß-Platz,gesamt,33,Schule+am+Griebnitzsee
Joseph-v.-Sternberg-Str.,gesamt,33,Schule+am+Griebnitzsee
Karl-Marx-Str.,ung. 1-35 ; ger. 2-72,33,Schule+am+Griebnitzsee
Karl-Marx-Str.,ung. 41-73,33,Schule+am+Griebnitzsee
Klopstockstr.,gesamt,33,Schule+am+Griebnitzsee
Körnerweg,gesamt,33,Schule+am+Griebnitzsee
Lessingstr.,gesamt,33,Schule+am+Griebnitzsee
Lilian-Harvey-Str.,gesamt,33,Schule+am+Griebnitzsee
Marlene-Dietrich-Allee,gesamt,33,Schule+am+Griebnitzsee
Merkurstr.,gesamt,33,Schule+am+Griebnitzsee
Otto-Erich-Str.,gesamt,33,Schule+am+Griebnitzsee
Pasteurstr.,ung. 23-25 ; ger. 24-26,33,Schule+am+Griebnitzsee
Paul-Neumann-Str.,ger. 2-84,33,Schule+am+Griebnitzsee
Plantagenhof,gesamt,33,Schule+am+Griebnitzsee
Plantagenplatz,ohne HNr.,33,Schule+am+Griebnitzsee
Plantagenstr.,ung. 3-19 ; ger. 4-20,33,Schule+am+Griebnitzsee
Prof.-Dr.-Helmert-Str.,gesamt,33,Schule+am+Griebnitzsee
Quentin-Tarantino-Str.,gesamt,33,Schule+am+Griebnitzsee
Reuterstr.,gesamt,33,Schule+am+Griebnitzsee
Robert-Koch-Str.,gesamt,33,Schule+am+Griebnitzsee
Rosa-Luxemburg-Str.,ung. 1-15B ; ger. 18-40,33,Schule+am+Griebnitzsee
Rosa-Luxemburg-Str.,ung. 19-41 ; ger. 2-14,33,Schule+am+Griebnitzsee
Rosenstr.,gesamt,33,Schule+am+Griebnitzsee
Rotdornweg,gesamt,33,Schule+am+Griebnitzsee
Rote-Kreuz-Str.,gesamt,33,Schule+am+Griebnitzsee
Rud.-Breitscheid-Str.,ung. 113A-233 ; ger. 112-236A,33,Schule+am+Griebnitzsee
Sauerbruchstr.,gesamt,33,Schule+am+Griebnitzsee
Scheffelstr.,ung. 19-27 ; ger. 20-38,33,Schule+am+Griebnitzsee
Semmelweisstr.,ung. 41-49,33,Schule+am+Griebnitzsee
Spitzweggasse,ung. 3-9 ; ger. 4-8,33,Schule+am+Griebnitzsee
Stahnsdorfer Str.,gesamt,33,Schule+am+Griebnitzsee
Steinstr.,ung. 1-27A ; ger. 2-18,33,Schule+am+Griebnitzsee
Stubenrauchstr.,gesamt,33,Schule+am+Griebnitzsee
Uhlandstr.,gesamt,33,Schule+am+Griebnitzsee
Virchowstr.,gesamt,33,Schule+am+Griebnitzsee
Wasserstr.,gesamt,33,Schule+am+Griebnitzsee
Zarah-Leander-Str.,gesamt,33,Schule+am+Griebnitzsee
Alter Markt,gesamt,19,Rosa-Luxemburg-Schule
Am Alten Markt,gesamt,19,Rosa-Luxemburg-Schule
Am Bassin,gesamt,19,Rosa-Luxemburg-Schule
Am Kanal,gesamt,19,Rosa-Luxemburg-Schule
Behlertstr.,ung. 1-3A ; ger. 34-44,19,Rosa-Luxemburg-Schule
Behlertstr.,ung. 33-45A ; ger. 2-4,19,Rosa-Luxemburg-Schule
Berliner Str.,gesamt,19,Rosa-Luxemburg-Schule
Böcklinstr.,gesamt,19,Rosa-Luxemburg-Schule
Brandenburger Str.,ung. 35-41 ; ger. 34-42,19,Rosa-Luxemburg-Schule
Brauerstr.,gesamt,19,Rosa-Luxemburg-Schule
Breite Str.,ohne HNr.,19,Rosa-Luxemburg-Schule
Burgstr.,gesamt,19,Rosa-Luxemburg-Schule
Charlottenstr.,ung. 47-89 ; ger. 40-88,19,Rosa-Luxemburg-Schule
Chileplatz,gesamt,19,Rosa-Luxemburg-Schule
Dürerstr.,gesamt,19,Rosa-Luxemburg-Schule
Eltesterstr.,gesamt,19,Rosa-Luxemburg-Schule
Französische Str.,gesamt,19,Rosa-Luxemburg-Schule
Freundschaftsinsel,gesamt,19,Rosa-Luxemburg-Schule
Friedrich-Ebert-Str.,ung. 5-19 ; ger. 4-18,19,Rosa-Luxemburg-Schule
Fritz-Rumpf-Str.,gesamt,19,Rosa-Luxemburg-Schule
GA Berliner Vorstadt,gesamt,19,Rosa-Luxemburg-Schule
Große Fischerstr.,gesamt,19,Rosa-Luxemburg-Schule
Gutenbergstr.,ung. 33-57 ; ger. 34-58,19,Rosa-Luxemburg-Schule
Hans-Thoma-Str.,ung. 1-7 ; ger. 2-6A,19,Rosa-Luxemburg-Schule
Hebbelstr.,ung. 1-1D,19,Rosa-Luxemburg-Schule
Heilig-Geist-Str.,gesamt,19,Rosa-Luxemburg-Schule
Helmholtzstr.,gesamt,19,Rosa-Luxemburg-Schule
Holzmarktstr.,gesamt,19,Rosa-Luxemburg-Schule
Humboldtstr.,gesamt,19,Rosa-Luxemburg-Schule
Im Französischen Quartier,gesamt,19,Rosa-Luxemburg-Schule
Im Staudenhof,gesamt,19,Rosa-Luxemburg-Schule
Joliot-Curie-Str.,gesamt,19,Rosa-Luxemburg-Schule
Kleine Fischerstr.,gesamt,19,Rosa-Luxemburg-Schule
Kurfürstenstr.,ung. 33-35 ; ger. 32-34,19,Rosa-Luxemburg-Schule
Leonardo-da-Vinci-Str.,gesamt,19,Rosa-Luxemburg-Schule
Ludwig-Richter-Str.,gesamt,19,Rosa-Luxemburg-Schule
Mangerstr.,ung. 1-41 ; ger. 2-42,19,Rosa-Luxemburg-Schule
Menzelstr.,gesamt,19,Rosa-Luxemburg-Schule
Mühlenweg,gesamt,19,Rosa-Luxemburg-Schule
Otto-Braun-Platz,gesamt,19,Rosa-Luxemburg-Schule
Otto-Nagel-Str.,gesamt,19,Rosa-Luxemburg-Schule
Platz der Einheit,gesamt,19,Rosa-Luxemburg-Schule
Posthofstr.,gesamt,19,Rosa-Luxemburg-Schule
Rembrandtstr.,gesamt,19,Rosa-Luxemburg-Schule
Rubensstr.,gesamt,19,Rosa-Luxemburg-Schule
Schiffbauergasse,gesamt,19,Rosa-Luxemburg-Schule
Schwanenallee,gesamt,19,Rosa-Luxemburg-Schule
Seestr.,gesamt,19,Rosa-Luxemburg-Schule
Steubenplatz,gesamt,19,Rosa-Luxemburg-Schule
Tizianstr.,gesamt,19,Rosa-Luxemburg-Schule
Türkstr.,gesamt,19,Rosa-Luxemburg-Schule
Alexander-Klein-Str.,ohne HNr.,25,Karl-Foerster-Schule+St%C3%A4dtische+Grundschule+Potsdam
Am Drachenberg,gesamt,25,Karl-Foerster-Schule+St%C3%A4dtische+Grundschule+Potsdam
Am Golfplatz,ung. 15-19 ; ger. 10-20,25,Karl-Foerster-Schule+St%C3%A4dtische+Grundschule+Potsdam
Am Krongut,gesamt,25,Karl-Foerster-Schule+St%C3%A4dtische+Grundschule+Potsdam
Am Vogelherd,gesamt,25,Karl-Foerster-Schule+St%C3%A4dtische+Grundschule+Potsdam
Amtsstr.,gesamt,25,Karl-Foerster-Schule+St%C3%A4dtische+Grundschule+Potsdam
Amundsenstr.,ung. 1G ; ger. 2-60,25,Karl-Foerster-Schule+St%C3%A4dtische+Grundschule+Potsdam
Amundsenstr.,ung. 29-39,25,Karl-Foerster-Schule+St%C3%A4dtische+Grundschule+Potsdam
An der Orangerie,gesamt,25,Karl-Foerster-Schule+St%C3%A4dtische+Grundschule+Potsdam
Apfelweg,gesamt,25,Karl-Foerster-Schule+St%C3%A4dtische+Grundschule+Potsdam
Birnenweg,gesamt,25,Karl-Foerster-Schule+St%C3%A4dtische+Grundschule+Potsdam
Blumenstr.,gesamt,25,Karl-Foerster-Schule+St%C3%A4dtische+Grundschule+Potsdam
Bornstedter Str.,ohne HNr.,25,Karl-Foerster-Schule+St%C3%A4dtische+Grundschule+Potsdam
Bussardweg,gesamt,25,Karl-Foerster-Schule+St%C3%A4dtische+Grundschule+Potsdam
Charles-Tellier-Platz,gesamt,25,Karl-Foerster-Schule+St%C3%A4dtische+Grundschule+Potsdam
David-Gilly-Str.,ung. 1-5,25,Karl-Foerster-Schule+St%C3%A4dtische+Grundschule+Potsdam
Dennis-Gabor-Str.,gesamt,25,Karl-Foerster-Schule+St%C3%A4dtische+Grundschule+Potsdam
Eichenallee,gesamt,25,Karl-Foerster-Schule+St%C3%A4dtische+Grundschule+Potsdam
Erwin-Barth-Str.,ohne HNr.,25,Karl-Foerster-Schule+St%C3%A4dtische+Grundschule+Potsdam
Fintelmannstr.,ung. 1-33,25,Karl-Foerster-Schule+St%C3%A4dtische+Grundschule+Potsdam
Fliederweg,gesamt,25,Karl-Foerster-Schule+St%C3%A4dtische+Grundschule+Potsdam
Friedrich-Kunert-Weg,ger. 4-8,25,Karl-Foerster-Schule+St%C3%A4dtische+Grundschule+Potsdam
Fritz-Encke-Str.,ger. 2-14,25,Karl-Foerster-Schule+St%C3%A4dtische+Grundschule+Potsdam
GA Am Drachenberg,gesamt,25,Karl-Foerster-Schule+St%C3%A4dtische+Grundschule+Potsdam
GA Am Lindstedter Tor,gesamt,25,Karl-Foerster-Schule+St%C3%A4dtische+Grundschule+Potsdam
GA An d. Katharinenholz,gesamt,25,Karl-Foerster-Schule+St%C3%A4dtische+Grundschule+Potsdam
GA An der Amundsenstr.,gesamt,25,Karl-Foerster-Schule+St%C3%A4dtische+Grundschule+Potsdam
GA Bornstedter Feld,gesamt,25,Karl-Foerster-Schule+St%C3%A4dtische+Grundschule+Potsdam
GA Habichtweg,gesamt,25,Karl-Foerster-Schule+St%C3%A4dtische+Grundschule+Potsdam
GA Kurzes Feld,gesamt,25,Karl-Foerster-Schule+St%C3%A4dtische+Grundschule+Potsdam
GA Zur Schlehenhecke,gesamt,25,Karl-Foerster-Schule+St%C3%A4dtische+Grundschule+Potsdam
Grabenstr.,gesamt,25,Karl-Foerster-Schule+St%C3%A4dtische+Grundschule+Potsdam
Grenzallee,gesamt,25,Karl-Foerster-Schule+St%C3%A4dtische+Grundschule+Potsdam
Gustav-Meyer-Str.,ohne HNr.,25,Karl-Foerster-Schule+St%C3%A4dtische+Grundschule+Potsdam
Habichtweg,gesamt,25,Karl-Foerster-Schule+St%C3%A4dtische+Grundschule+Potsdam
Haeberlinweg,gesamt,25,Karl-Foerster-Schule+St%C3%A4dtische+Grundschule+Potsdam
Heinrich-Zeininger-Str.,ung. 1-3 ; ger. 2-4,25,Karl-Foerster-Schule+St%C3%A4dtische+Grundschule+Potsdam
Heisenbergstr.,gesamt,25,Karl-Foerster-Schule+St%C3%A4dtische+Grundschule+Potsdam
Hermann-Mächtig-Str.,ger. 4-12G,25,Karl-Foerster-Schule+St%C3%A4dtische+Grundschule+Potsdam
Hermann-Mattern-Promenade,ung. 1-101,25,Karl-Foerster-Schule+St%C3%A4dtische+Grundschule+Potsdam
Herta-Hammerbacher-Str.,ung. 3 ; ger. 2-10E,25,Karl-Foerster-Schule+St%C3%A4dtische+Grundschule+Potsdam
Katharinenholzstr.,gesamt,25,Karl-Foerster-Schule+St%C3%A4dtische+Grundschule+Potsdam
Kirschallee,gesamt,25,Karl-Foerster-Schule+St%C3%A4dtische+Grundschule+Potsdam
Lendelallee,gesamt,25,Karl-Foerster-Schule+St%C3%A4dtische+Grundschule+Potsdam
Lerchensteig,ohne HNr.,25,Karl-Foerster-Schule+St%C3%A4dtische+Grundschule+Potsdam
Ludwig-Boltzmann-Str.,ger. 2-4,25,Karl-Foerster-Schule+St%C3%A4dtische+Grundschule+Potsdam
Ludwig-Lesser-Str.,gesamt,25,Karl-Foerster-Schule+St%C3%A4dtische+Grundschule+Potsdam
Maulbeerallee,5 ,25,Karl-Foerster-Schule+St%C3%A4dtische+Grundschule+Potsdam
Melchior-Bauer-Str.,ung. 5 ; ger. 2-22B,25,Karl-Foerster-Schule+St%C3%A4dtische+Grundschule+Potsdam
Nedlitzer Str.,ohne HNr.,25,Karl-Foerster-Schule+St%C3%A4dtische+Grundschule+Potsdam
Neue Kirschallee,gesamt,25,Karl-Foerster-Schule+St%C3%A4dtische+Grundschule+Potsdam
Nietnerstr.,ung. 1-7 ; ger. 4-14,25,Karl-Foerster-Schule+St%C3%A4dtische+Grundschule+Potsdam
Orville-Wright-Str.,gesamt,25,Karl-Foerster-Schule+St%C3%A4dtische+Grundschule+Potsdam
Pappelallee,ung. 15-17 ; ger. 14-20,25,Karl-Foerster-Schule+St%C3%A4dtische+Grundschule+Potsdam
Paul-Engelhard-Str.,gesamt,25,Karl-Foerster-Schule+St%C3%A4dtische+Grundschule+Potsdam
Potsdamer Str.,ung. 1-33 ; ger. 164-200,25,Karl-Foerster-Schule+St%C3%A4dtische+Grundschule+Potsdam
Potsdamer Str.,ung. 163-201 ; ger. 2-34,25,Karl-Foerster-Schule+St%C3%A4dtische+Grundschule+Potsdam
Reiherweg,gesamt,25,Karl-Foerster-Schule+St%C3%A4dtische+Grundschule+Potsdam
Ribbeckstr.,gesamt,25,Karl-Foerster-Schule+St%C3%A4dtische+Grundschule+Potsdam
Schulplatz,gesamt,25,Karl-Foerster-Schule+St%C3%A4dtische+Grundschule+Potsdam
Siegward-Sprotte-Str.,gesamt,25,Karl-Foerster-Schule+St%C3%A4dtische+Grundschule+Potsdam
Thaerstr.,gesamt,25,Karl-Foerster-Schule+St%C3%A4dtische+Grundschule+Potsdam
Theodor-Echtermeyer-Str.,gesamt,25,Karl-Foerster-Schule+St%C3%A4dtische+Grundschule+Potsdam
Von-Klitzing-Str.,gesamt,25,Karl-Foerster-Schule+St%C3%A4dtische+Grundschule+Potsdam
Walter-Funcke-Str.,25 ,25,Karl-Foerster-Schule+St%C3%A4dtische+Grundschule+Potsdam
Zum Kurzen Feld,gesamt,25,Karl-Foerster-Schule+St%C3%A4dtische+Grundschule+Potsdam
Zum Lausebusch,gesamt,25,Karl-Foerster-Schule+St%C3%A4dtische+Grundschule+Potsdam
Zum Reiherstand,gesamt,25,Karl-Foerster-Schule+St%C3%A4dtische+Grundschule+Potsdam
Zur Historischen Mühle,ung. 1 ; ger. 2,25,Karl-Foerster-Schule+St%C3%A4dtische+Grundschule+Potsdam
Am Friedhof,gesamt,56,Grundschule+Im+Kirchsteigfeld
Am Hirtengraben,ung. 1-37 ; ger. 2-8B,56,Grundschule+Im+Kirchsteigfeld
Am Silbergraben,gesamt,56,Grundschule+Im+Kirchsteigfeld
Anni-von-Gottberg-Str.,gesamt,56,Grundschule+Im+Kirchsteigfeld
Bellavitestr.,gesamt,56,Grundschule+Im+Kirchsteigfeld
Bettina-von-Arnim-Str.,gesamt,56,Grundschule+Im+Kirchsteigfeld
Büringstr.,gesamt,56,Grundschule+Im+Kirchsteigfeld
Clara-Schumann-Str.,gesamt,56,Grundschule+Im+Kirchsteigfeld
Dorothea-Schneider-Str.,gesamt,56,Grundschule+Im+Kirchsteigfeld
Eleonore-Prochaska-Str.,gesamt,56,Grundschule+Im+Kirchsteigfeld
Gertrud-Kolmar-Str.,gesamt,56,Grundschule+Im+Kirchsteigfeld
Heiner-Carow-Platz,gesamt,56,Grundschule+Im+Kirchsteigfeld
Johanna-Just-Str.,gesamt,56,Grundschule+Im+Kirchsteigfeld
Kamblystr.,gesamt,56,Grundschule+Im+Kirchsteigfeld
Karoline-Schulze-Str.,gesamt,56,Grundschule+Im+Kirchsteigfeld
Kirchstr.,gesamt,56,Grundschule+Im+Kirchsteigfeld
Konrad-Wolf-Allee,ohne HNr.,56,Grundschule+Im+Kirchsteigfeld
Lise-Meitner-Str.,gesamt,56,Grundschule+Im+Kirchsteigfeld
M.-Buber-Neumann-Str.,gesamt,56,Grundschule+Im+Kirchsteigfeld
Maimi-von-Mirbach-Str.,gesamt,56,Grundschule+Im+Kirchsteigfeld
Marie-Hannemann-Str.,gesamt,56,Grundschule+Im+Kirchsteigfeld
Marie-Juchacz-Str.,gesamt,56,Grundschule+Im+Kirchsteigfeld
Maxie-Wander-Str.,gesamt,56,Grundschule+Im+Kirchsteigfeld
Mildred-Harnack-Str.,gesamt,56,Grundschule+Im+Kirchsteigfeld
Munthestr.,gesamt,56,Grundschule+Im+Kirchsteigfeld
Nelly-Sachs-Str.,gesamt,56,Grundschule+Im+Kirchsteigfeld
Nuthedamm,ung. 3-15 ; ger. 2-14,56,Grundschule+Im+Kirchsteigfeld
Pierre-de-Gayette-Str.,gesamt,56,Grundschule+Im+Kirchsteigfeld
Priesterweg,ohne HNr.,56,Grundschule+Im+Kirchsteigfeld
Ricarda-Huch-Str.,gesamt,56,Grundschule+Im+Kirchsteigfeld
Schadowstr.,gesamt,56,Grundschule+Im+Kirchsteigfeld
Schinkelstr.,gesamt,56,Grundschule+Im+Kirchsteigfeld
Stülerstr.,gesamt,56,Grundschule+Im+Kirchsteigfeld
Trebbiner Str.,gesamt,56,Grundschule+Im+Kirchsteigfeld
Zum Teich,gesamt,56,Grundschule+Im+Kirchsteigfeld
Am Gehölz,gesamt,45,Grundschule+Am+Pappelhain
Am Mittelbusch,gesamt,45,Grundschule+Am+Pappelhain
An der Parforceheide,gesamt,45,Grundschule+Am+Pappelhain
Bahnhofstr.,gesamt,45,Grundschule+Am+Pappelhain
Bebraer Str.,6 ,45,Grundschule+Am+Pappelhain
Beethovenstr.,gesamt,45,Grundschule+Am+Pappelhain
Chopinstr.,gesamt,45,Grundschule+Am+Pappelhain
Eulenkamp,gesamt,45,Grundschule+Am+Pappelhain
Fichtenallee,gesamt,45,Grundschule+Am+Pappelhain
Flotowstr.,gesamt,45,Grundschule+Am+Pappelhain
Fuldaer Str.,gesamt,45,Grundschule+Am+Pappelhain
GA Naturfreunde,gesamt,45,Grundschule+Am+Pappelhain
GA Schäferfichten,gesamt,45,Grundschule+Am+Pappelhain
GA Wochenend,gesamt,45,Grundschule+Am+Pappelhain
Gagarinstr.,gesamt,45,Grundschule+Am+Pappelhain
Galileistr.,gesamt,45,Grundschule+Am+Pappelhain
Gaußstr.,gesamt,45,Grundschule+Am+Pappelhain
Gluckstr.,gesamt,45,Grundschule+Am+Pappelhain
Großbeerenstr.,ung. 209-359 ; ger. 208-366,45,Grundschule+Am+Pappelhain
Grotrianstr.,gesamt,45,Grundschule+Am+Pappelhain
Hans-Grade-Ring,gesamt,45,Grundschule+Am+Pappelhain
Hubertusdamm,gesamt,45,Grundschule+Am+Pappelhain
Im Schäferfeld,gesamt,45,Grundschule+Am+Pappelhain
In der Aue,gesamt,45,Grundschule+Am+Pappelhain
Jagdhausstr.,gesamt,45,Grundschule+Am+Pappelhain
Johannes-Kepler-Platz,gesamt,45,Grundschule+Am+Pappelhain
Katharinastr.,gesamt,45,Grundschule+Am+Pappelhain
Kellerstr.,gesamt,45,Grundschule+Am+Pappelhain
Kohlhasenbrücker Str.,gesamt,45,Grundschule+Am+Pappelhain
Laplacering,gesamt,45,Grundschule+Am+Pappelhain
Leibnizring,gesamt,45,Grundschule+Am+Pappelhain
Lilienthalstr.,gesamt,45,Grundschule+Am+Pappelhain
Lortzingstr.,gesamt,45,Grundschule+Am+Pappelhain
M.-Bartholdy-Str.,gesamt,45,Grundschule+Am+Pappelhain
Max-Born-Str.,gesamt,45,Grundschule+Am+Pappelhain
Mozartstr.,gesamt,45,Grundschule+Am+Pappelhain
Neuendorfer Str.,10 ,45,Grundschule+Am+Pappelhain
Neuendorfer Str.,12 ,45,Grundschule+Am+Pappelhain
Neuendorfer Str.,ung. 15 ; ger. 14,45,Grundschule+Am+Pappelhain
Neuendorfer Str.,ung. 35-41 ; ger. 16-42,45,Grundschule+Am+Pappelhain
Newtonstr.,gesamt,45,Grundschule+Am+Pappelhain
Niels-Bohr-Ring,gesamt,45,Grundschule+Am+Pappelhain
Otto-Hahn-Ring,gesamt,45,Grundschule+Am+Pappelhain
Otto-Haseloff-Str.,gesamt,45,Grundschule+Am+Pappelhain
Parallelweg,gesamt,45,Grundschule+Am+Pappelhain
Patrizierweg,gesamt,45,Grundschule+Am+Pappelhain
Pietschkerstr.,gesamt,45,Grundschule+Am+Pappelhain
Ratsweg,gesamt,45,Grundschule+Am+Pappelhain
Röhrenstr.,gesamt,45,Grundschule+Am+Pappelhain
Schäferweg,gesamt,45,Grundschule+Am+Pappelhain
Schubertstr.,gesamt,45,Grundschule+Am+Pappelhain
Schulsteig,gesamt,45,Grundschule+Am+Pappelhain
Schwarzschildstr.,gesamt,45,Grundschule+Am+Pappelhain
Steinstr.,ung. 39-105 ; ger. 44B-166,45,Grundschule+Am+Pappelhain
Sternstr.,ung. 31-37 ; ger. 30-38,45,Grundschule+Am+Pappelhain
Tschaikowskiweg,gesamt,45,Grundschule+Am+Pappelhain
Turmstr.,ung. 17-47 ; ger. 22-46,45,Grundschule+Am+Pappelhain
Unionssiedlung,gesamt,45,Grundschule+Am+Pappelhain
Wagnerstr.,gesamt,45,Grundschule+Am+Pappelhain
Waldhornweg,gesamt,45,Grundschule+Am+Pappelhain
Wildeberstr.,gesamt,45,Grundschule+Am+Pappelhain
Ziolkowskistr.,gesamt,45,Grundschule+Am+Pappelhain
Albert-Einstein-Str.,ung. 1-25 ; ger. 2-24,37,Grundschule+am+Humboldtring
Alt Nowawes,ohne HNr.,37,Grundschule+am+Humboldtring
Alter Tornow,gesamt,37,Grundschule+am+Humboldtring
Altes Bahnwerk,gesamt,37,Grundschule+am+Humboldtring
Altstadtblick,gesamt,37,Grundschule+am+Humboldtring
Am Havelblick,ung. 1-5A ; ger. 2-8,37,Grundschule+am+Humboldtring
Am Magazin,gesamt,37,Grundschule+am+Humboldtring
Am Neuen Tornow,gesamt,37,Grundschule+am+Humboldtring
Am Speicher,gesamt,37,Grundschule+am+Humboldtring
Am Stellwerk,gesamt,37,Grundschule+am+Humboldtring
Am Uferpark,gesamt,37,Grundschule+am+Humboldtring
An der Fährwiese,gesamt,37,Grundschule+am+Humboldtring
An der Kornmühle,gesamt,37,Grundschule+am+Humboldtring
An der Lokremise,gesamt,37,Grundschule+am+Humboldtring
An der Vorderkappe,gesamt,37,Grundschule+am+Humboldtring
Babelsberger Str.,gesamt,37,Grundschule+am+Humboldtring
Brauhausberg,ung. 1-35 ; ger. 10-36,37,Grundschule+am+Humboldtring
Daimlerstr.,gesamt,37,Grundschule+am+Humboldtring
Dieselstr.,ung. 1-17 ; ger. 2-18,37,Grundschule+am+Humboldtring
Edisonallee,gesamt,37,Grundschule+am+Humboldtring
Finkenweg,gesamt,37,Grundschule+am+Humboldtring
Friedhofsgasse,ung. 1-17,37,Grundschule+am+Humboldtring
Friedrich-Engels-Str.,ung. 1-15 ; ger. 26-104,37,Grundschule+am+Humboldtring
Friedrich-Engels-Str.,ung. 25-103 ; ger. 2-16,37,Grundschule+am+Humboldtring
Friedrich-List-Str.,gesamt,37,Grundschule+am+Humboldtring
Friedrich-Wilhelm-Boelcke-Str.,gesamt,37,Grundschule+am+Humboldtring
Friesenstr.,gesamt,37,Grundschule+am+Humboldtring
GA Alter Tornow,gesamt,37,Grundschule+am+Humboldtring
GA Angergrund,gesamt,37,Grundschule+am+Humboldtring
GA Nuthetal,gesamt,37,Grundschule+am+Humboldtring
GA Süd-West,gesamt,37,Grundschule+am+Humboldtring
GA Übergang,gesamt,37,Grundschule+am+Humboldtring
GA Waldwiese,gesamt,37,Grundschule+am+Humboldtring
Glasmeisterstr.,gesamt,37,Grundschule+am+Humboldtring
Großbeerenstr.,ung. 1-27 ; ger. 2-24,37,Grundschule+am+Humboldtring
Hans-Marchwitza-Ring,gesamt,37,Grundschule+am+Humboldtring
Havelstr.,gesamt,37,Grundschule+am+Humboldtring
Heinrich-Mann-Allee,ung. 1-23A ; ger. 2-24A,37,Grundschule+am+Humboldtring
Heinrich-Mann-Allee,107 ,37,Grundschule+am+Humboldtring
Hermannswerder,gesamt,37,Grundschule+am+Humboldtring
Horstweg,ung. 47-47B,37,Grundschule+am+Humboldtring
Horstweg,ung. 93 ; ger. 82,37,Grundschule+am+Humboldtring
Humboldtring,gesamt,37,Grundschule+am+Humboldtring
Inselweg,gesamt,37,Grundschule+am+Humboldtring
Jahnstr.,gesamt,37,Grundschule+am+Humboldtring
Johannsenstr.,gesamt,37,Grundschule+am+Humboldtring
Karl-Foerster-Str.,gesamt,37,Grundschule+am+Humboldtring
Karl-Liebknecht-Str.,ung. 1-5 ; ger. 136-140,37,Grundschule+am+Humboldtring
Karl-Liebknecht-Str.,ung. 137-139B ; ger. 2-4,37,Grundschule+am+Humboldtring
Küsselstr.,gesamt,37,Grundschule+am+Humboldtring
Lange Brücke,ung. 1 ; ger. 2,37,Grundschule+am+Humboldtring
Leipziger Str.,gesamt,37,Grundschule+am+Humboldtring
Leiterstr.,gesamt,37,Grundschule+am+Humboldtring
Lotte-Pulewka-Str.,gesamt,37,Grundschule+am+Humboldtring
Luisenhof,gesamt,37,Grundschule+am+Humboldtring
Lutherplatz,gesamt,37,Grundschule+am+Humboldtring
Max-Planck-Str.,gesamt,37,Grundschule+am+Humboldtring
Max-Volmer-Str.,gesamt,37,Grundschule+am+Humboldtring
Michendorfer Chaussee,ung. 1-5 ; ger. 2-4,37,Grundschule+am+Humboldtring
Michendorfer Chaussee,ung. 19-21 ; ger. 18-20,37,Grundschule+am+Humboldtring
Neuendorfer Anger,gesamt,37,Grundschule+am+Humboldtring
Paetowstr.,gesamt,37,Grundschule+am+Humboldtring
Rud.-Breitscheid-Str.,1 ,37,Grundschule+am+Humboldtring
Rud.-Breitscheid-Str.,ung. 13-37,37,Grundschule+am+Humboldtring
Schulstr.,gesamt,37,Grundschule+am+Humboldtring
Siemensstr.,ung. 1-5 ; ger. 2-6,37,Grundschule+am+Humboldtring
Templiner Str.,ung. 1-35 ; ger. 2-34,37,Grundschule+am+Humboldtring
Tornowstr.,gesamt,37,Grundschule+am+Humboldtring
Ulrich-von-Hutten-Str.,gesamt,37,Grundschule+am+Humboldtring
Voltastr.,gesamt,37,Grundschule+am+Humboldtring
Wattstr.,ung. 5-23,37,Grundschule+am+Humboldtring
Wiesenstr.,gesamt,37,Grundschule+am+Humboldtring
Zum Wasserturm,gesamt,37,Grundschule+am+Humboldtring
Zur Königlichen Hofbrauerei,gesamt,37,Grundschule+am+Humboldtring
Allee nach Sanssouci,gesamt,08,Grundschule+Max+Dortu
Am Grünen Gitter,ung. 1 ; ger. 4,08,Grundschule+Max+Dortu
Am Lustgartenwall,gesamt,08,Grundschule+Max+Dortu
Am Neuen Markt,gesamt,08,Grundschule+Max+Dortu
Auf dem Kiewitt,ung. 35-41 ; ger. 34-44,08,Grundschule+Max+Dortu
Bäckerstr.,gesamt,08,Grundschule+Max+Dortu
Brandenburger Str.,ung. 1-33 ; ger. 44-72,08,Grundschule+Max+Dortu
Brandenburger Str.,ung. 43-71 ; ger. 2-32,08,Grundschule+Max+Dortu
Breite Str.,ung. 1-27 ; ger. 2-28,08,Grundschule+Max+Dortu
Charlottenstr.,ung. 1-33 ; ger. 90-128,08,Grundschule+Max+Dortu
Charlottenstr.,ung. 91-127 ; ger. 2-34,08,Grundschule+Max+Dortu
Dortustr.,ung. 11-63 ; ger. 12-64,08,Grundschule+Max+Dortu
Ebräerstr.,gesamt,08,Grundschule+Max+Dortu
Feuerbachstr.,ung. 1-13 ; ger. 34-42,08,Grundschule+Max+Dortu
Feuerbachstr.,ung. 35-43 ; ger. 2-12,08,Grundschule+Max+Dortu
Friedrich-Ebert-Str.,ung. 93-121 ; ger. 94-122,08,Grundschule+Max+Dortu
GA Hinzenberg,gesamt,08,Grundschule+Max+Dortu
Gutenbergstr.,ung. 1-31 ; ger. 104-114,08,Grundschule+Max+Dortu
Gutenbergstr.,ung. 103-115 ; ger. 2-32,08,Grundschule+Max+Dortu
H.-v.-Tresckow-Str.,gesamt,08,Grundschule+Max+Dortu
Hegelallee,ung. 31-43 ; ger. 30-42,08,Grundschule+Max+Dortu
Hermann-Elflein-Str.,gesamt,08,Grundschule+Max+Dortu
Hoffbauerstr.,gesamt,08,Grundschule+Max+Dortu
Im Nikolaiquartier,gesamt,08,Grundschule+Max+Dortu
Jägerstr.,ung. 11-31 ; ger. 14-32,08,Grundschule+Max+Dortu
Kiezstr.,gesamt,08,Grundschule+Max+Dortu
Kleine Gasse,gesamt,08,Grundschule+Max+Dortu
Köhlerplatz,gesamt,08,Grundschule+Max+Dortu
Lange Brücke,6 ,08,Grundschule+Max+Dortu
Lennestr.,ung. 1-7A ; ger. 60-84,08,Grundschule+Max+Dortu
Lennestr.,ung. 59-85 ; ger. 2-8,08,Grundschule+Max+Dortu
Lindenstr.,ung. 1-55 ; ger. 2-56,08,Grundschule+Max+Dortu
Luisenplatz,gesamt,08,Grundschule+Max+Dortu
Neue Plantage,gesamt,08,Grundschule+Max+Dortu
Obere Planitz,gesamt,08,Grundschule+Max+Dortu
Schloßstr.,gesamt,08,Grundschule+Max+Dortu
Schopenhauerstr.,ung. 25-45 ; ger. 6-20,08,Grundschule+Max+Dortu
Schopenhauerstr.,ung. 5-17 ; ger. 26-44,08,Grundschule+Max+Dortu
Schwertfegerstr.,gesamt,08,Grundschule+Max+Dortu
Sellostr.,ung. 1-15A ; ger. 2-14,08,Grundschule+Max+Dortu
Siefertstr.,gesamt,08,Grundschule+Max+Dortu
Spornstr.,gesamt,08,Grundschule+Max+Dortu
Untere Planitz,gesamt,08,Grundschule+Max+Dortu
Wall am Kiez,gesamt,08,Grundschule+Max+Dortu
Werner-Seelenbinder-Str.,gesamt,08,Grundschule+Max+Dortu
Wilhelm-Staab-Str.,gesamt,08,Grundschule+Max+Dortu
Yorckstr.,gesamt,08,Grundschule+Max+Dortu
Zeppelinstr.,ung. 1-27 ; ger. 164-178,08,Grundschule+Max+Dortu
Zeppelinstr.,ung. 165-189 ; ger. 2-26,08,Grundschule+Max+Dortu
Zimmerstr.,gesamt,08,Grundschule+Max+Dortu
Altes Rad,gesamt,02,Grundschule+Ludwig+Renn
Am alten Mörtelwerk,gesamt,02,Grundschule+Ludwig+Renn
Am Eichenhain,gesamt,02,Grundschule+Ludwig+Renn
Am Golmer Weinberg,gesamt,02,Grundschule+Ludwig+Renn
Am Grünen Weg,gesamt,02,Grundschule+Ludwig+Renn
Am Kirchblick,gesamt,02,Grundschule+Ludwig+Renn
Am Langen Berg,gesamt,02,Grundschule+Ludwig+Renn
Am Mühlenberg,gesamt,02,Grundschule+Ludwig+Renn
Am Neuen Palais,ohne HNr.,02,Grundschule+Ludwig+Renn
Am Sandberg,gesamt,02,Grundschule+Ludwig+Renn
Am Tempelberg,gesamt,02,Grundschule+Ludwig+Renn
Am Urnenfeld,gesamt,02,Grundschule+Ludwig+Renn
Am Zachelsberg,gesamt,02,Grundschule+Ludwig+Renn
Am Zernsee,gesamt,02,Grundschule+Ludwig+Renn
Amundsenstr.,ohne HNr.,02,Grundschule+Ludwig+Renn
An der Bahn,gesamt,02,Grundschule+Ludwig+Renn
Baumhaselring,gesamt,02,Grundschule+Ludwig+Renn
Baumschulenweg,gesamt,02,Grundschule+Ludwig+Renn
Birkenhügel,gesamt,02,Grundschule+Ludwig+Renn
Bornimer Chaussee,gesamt,02,Grundschule+Ludwig+Renn
Brombeerstieg,gesamt,02,Grundschule+Ludwig+Renn
Carl-Dähne-Str.,gesamt,02,Grundschule+Ludwig+Renn
Ecksteinweg,gesamt,02,Grundschule+Ludwig+Renn
Ehrenpfortenbergstr.,gesamt,02,Grundschule+Ludwig+Renn
Ehrenpfortenbergstr. Golm,gesamt,02,Grundschule+Ludwig+Renn
Eichenring,gesamt,02,Grundschule+Ludwig+Renn
Eichenweg Golm,gesamt,02,Grundschule+Ludwig+Renn
Elsternstr.,gesamt,02,Grundschule+Ludwig+Renn
Falknerstr.,gesamt,02,Grundschule+Ludwig+Renn
Feldlerchenwinkel,gesamt,02,Grundschule+Ludwig+Renn
Fuchsweg,gesamt,02,Grundschule+Ludwig+Renn
Galliner Damm,gesamt,02,Grundschule+Ludwig+Renn
Geiselbergstr.,gesamt,02,Grundschule+Ludwig+Renn
Golmer Damm,gesamt,02,Grundschule+Ludwig+Renn
Golmer Fichten,gesamt,02,Grundschule+Ludwig+Renn
Grasmückenring,gesamt,02,Grundschule+Ludwig+Renn
Habichtweg Golm,gesamt,02,Grundschule+Ludwig+Renn
In der Feldmark,gesamt,02,Grundschule+Ludwig+Renn
In der Heide,gesamt,02,Grundschule+Ludwig+Renn
Jägerstr. Golm,gesamt,02,Grundschule+Ludwig+Renn
Kahlenbergstr.,gesamt,02,Grundschule+Ludwig+Renn
Kaiser-Friedrich-Str.,gesamt,02,Grundschule+Ludwig+Renn
Karl-Liebknecht-Str. Golm,gesamt,02,Grundschule+Ludwig+Renn
Käuzchenweg Golm,gesamt,02,Grundschule+Ludwig+Renn
Kirschenstieg,gesamt,02,Grundschule+Ludwig+Renn
Kleiberweg,gesamt,02,Grundschule+Ludwig+Renn
Kossätenweg,gesamt,02,Grundschule+Ludwig+Renn
Krumme Str.,gesamt,02,Grundschule+Ludwig+Renn
Kuhfortdamm,gesamt,02,Grundschule+Ludwig+Renn
Kuhforter Damm Eiche,gesamt,02,Grundschule+Ludwig+Renn
Lindengrund,gesamt,02,Grundschule+Ludwig+Renn
Lindstedter Str.,gesamt,02,Grundschule+Ludwig+Renn
Mehlbeerenweg,gesamt,02,Grundschule+Ludwig+Renn
Meisenweg Golm,gesamt,02,Grundschule+Ludwig+Renn
Pirolweg,gesamt,02,Grundschule+Ludwig+Renn
Reiherbergstr.,gesamt,02,Grundschule+Ludwig+Renn
Ritterstr.,gesamt,02,Grundschule+Ludwig+Renn
Rosenstieg,gesamt,02,Grundschule+Ludwig+Renn
Roßkastanienstr.,gesamt,02,Grundschule+Ludwig+Renn
Schlehenstieg,gesamt,02,Grundschule+Ludwig+Renn
Schwalbenhof,gesamt,02,Grundschule+Ludwig+Renn
Siedlungsweg,gesamt,02,Grundschule+Ludwig+Renn
Spechtweg,gesamt,02,Grundschule+Ludwig+Renn
Sperberweg,gesamt,02,Grundschule+Ludwig+Renn
Sperlingsweg,gesamt,02,Grundschule+Ludwig+Renn
Storchenhof,gesamt,02,Grundschule+Ludwig+Renn
Taubenbogen,gesamt,02,Grundschule+Ludwig+Renn
Thomas-Müntzer-Str.,gesamt,02,Grundschule+Ludwig+Renn
Thujaweg,gesamt,02,Grundschule+Ludwig+Renn
Turmfalkenweg,gesamt,02,Grundschule+Ludwig+Renn
Vogelbeerenweg,gesamt,02,Grundschule+Ludwig+Renn
Wacholderstieg,gesamt,02,Grundschule+Ludwig+Renn
Weg nach Bornim,gesamt,02,Grundschule+Ludwig+Renn
Weinmeisterstr.,gesamt,02,Grundschule+Ludwig+Renn
Weißdornweg,gesamt,02,Grundschule+Ludwig+Renn
Wildapfelweg,gesamt,02,Grundschule+Ludwig+Renn
Wildbirnenweg,gesamt,02,Grundschule+Ludwig+Renn
Wildkirschenweg,gesamt,02,Grundschule+Ludwig+Renn
Winkelhof,gesamt,02,Grundschule+Ludwig+Renn
Zum Düsteren Teich,gesamt,02,Grundschule+Ludwig+Renn
Zum Großen Herzberg,gesamt,02,Grundschule+Ludwig+Renn
Zum Mühlenteich,gesamt,02,Grundschule+Ludwig+Renn
Allee nach Glienicke,ung. 15-47 ; ger. 2-4,16,Grundschule+Bruno+H.+B%C3%BCrgel
Alt Nowawes,ung. 31-107 ; ger. 22-130,16,Grundschule+Bruno+H.+B%C3%BCrgel
Am Böttcherberg,gesamt,16,Grundschule+Bruno+H.+B%C3%BCrgel
Am Waldrand,gesamt,16,Grundschule+Bruno+H.+B%C3%BCrgel
An der Alten Brauerei,gesamt,16,Grundschule+Bruno+H.+B%C3%BCrgel
An der Sternwarte,ung. 1-11 ; ger. 2-16,16,Grundschule+Bruno+H.+B%C3%BCrgel
Bendastr.,gesamt,16,Grundschule+Bruno+H.+B%C3%BCrgel
Bruno-H.-Bürgel-Str.,ung. 1 ; ger. 4-80,16,Grundschule+Bruno+H.+B%C3%BCrgel
Concordiaweg,gesamt,16,Grundschule+Bruno+H.+B%C3%BCrgel
Donarstr.,ger. 34-40,16,Grundschule+Bruno+H.+B%C3%BCrgel
GA Am Sportplatz,gesamt,16,Grundschule+Bruno+H.+B%C3%BCrgel
GA Babelsberg 1912,gesamt,16,Grundschule+Bruno+H.+B%C3%BCrgel
GA Babelsberg-Nord,gesamt,16,Grundschule+Bruno+H.+B%C3%BCrgel
GA Freie Scholle,gesamt,16,Grundschule+Bruno+H.+B%C3%BCrgel
GA Hoffnung,gesamt,16,Grundschule+Bruno+H.+B%C3%BCrgel
GA Klein-Glienicke,gesamt,16,Grundschule+Bruno+H.+B%C3%BCrgel
Garnstr.,gesamt,16,Grundschule+Bruno+H.+B%C3%BCrgel
Glienicker Winkel,gesamt,16,Grundschule+Bruno+H.+B%C3%BCrgel
Grenzstr.,gesamt,16,Grundschule+Bruno+H.+B%C3%BCrgel
Griebnitzstr.,gesamt,16,Grundschule+Bruno+H.+B%C3%BCrgel
Hermann-Maaß-Str.,ger. 56-64,16,Grundschule+Bruno+H.+B%C3%BCrgel
Hoher Weg,gesamt,16,Grundschule+Bruno+H.+B%C3%BCrgel
Jutestr.,gesamt,16,Grundschule+Bruno+H.+B%C3%BCrgel
Karl-Gruhl-Str.,gesamt,16,Grundschule+Bruno+H.+B%C3%BCrgel
Karl-Liebknecht-Str.,ung. 7-135 ; ger. 6-134A,16,Grundschule+Bruno+H.+B%C3%BCrgel
Karl-Marx-Str.,ung. 35A-35B,16,Grundschule+Bruno+H.+B%C3%BCrgel
Kolonie Eigenland,gesamt,16,Grundschule+Bruno+H.+B%C3%BCrgel
Kreuzstr.,gesamt,16,Grundschule+Bruno+H.+B%C3%BCrgel
Lankestr.,gesamt,16,Grundschule+Bruno+H.+B%C3%BCrgel
Louis-Nathan-Allee,gesamt,16,Grundschule+Bruno+H.+B%C3%BCrgel
Lutherstr.,gesamt,16,Grundschule+Bruno+H.+B%C3%BCrgel
Mövenstr.,gesamt,16,Grundschule+Bruno+H.+B%C3%BCrgel
Mühlenstr.,gesamt,16,Grundschule+Bruno+H.+B%C3%BCrgel
Müllerstr.,gesamt,16,Grundschule+Bruno+H.+B%C3%BCrgel
Neue Str.,gesamt,16,Grundschule+Bruno+H.+B%C3%BCrgel
Obere Donarstr.,gesamt,16,Grundschule+Bruno+H.+B%C3%BCrgel
Park Babelsberg,gesamt,16,Grundschule+Bruno+H.+B%C3%BCrgel
Pasteurstr.,ung. 1-21 ; ger. 28-44,16,Grundschule+Bruno+H.+B%C3%BCrgel
Pasteurstr.,ung. 27-43 ; ger. 2-22,16,Grundschule+Bruno+H.+B%C3%BCrgel
Plantagenplatz,ung. 1-3 ; ger. 2-4,16,Grundschule+Bruno+H.+B%C3%BCrgel
Plantagenstr.,ung. 21-33 ; ger. 22-30F,16,Grundschule+Bruno+H.+B%C3%BCrgel
Rosa-Luxemburg-Str.,ung. 17-17C ; ger. 16-16B,16,Grundschule+Bruno+H.+B%C3%BCrgel
Rud.-Breitscheid-Str.,ung. 39-85A ; ger. 2-84,16,Grundschule+Bruno+H.+B%C3%BCrgel
Rud.-Breitscheid-Str.,7 ,16,Grundschule+Bruno+H.+B%C3%BCrgel
Scheffelstr.,ger. 40-42,16,Grundschule+Bruno+H.+B%C3%BCrgel
Schornsteinfegergasse,gesamt,16,Grundschule+Bruno+H.+B%C3%BCrgel
Semmelweisstr.,ung. 1-39 ; ger. 2-40,16,Grundschule+Bruno+H.+B%C3%BCrgel
Spindelstr.,gesamt,16,Grundschule+Bruno+H.+B%C3%BCrgel
Spitzweggasse,ger. 2-2A,16,Grundschule+Bruno+H.+B%C3%BCrgel
Tannenstr.,gesamt,16,Grundschule+Bruno+H.+B%C3%BCrgel
Tannenweg,gesamt,16,Grundschule+Bruno+H.+B%C3%BCrgel
Theodor-Hoppe-Weg,gesamt,16,Grundschule+Bruno+H.+B%C3%BCrgel
Tuchmacherstr.,gesamt,16,Grundschule+Bruno+H.+B%C3%BCrgel
Turnstr.,gesamt,16,Grundschule+Bruno+H.+B%C3%BCrgel
Waldmüllerstr.,gesamt,16,Grundschule+Bruno+H.+B%C3%BCrgel
Wannseestr.,gesamt,16,Grundschule+Bruno+H.+B%C3%BCrgel
Weberplatz,gesamt,16,Grundschule+Bruno+H.+B%C3%BCrgel
Wichgrafstr.,gesamt,16,Grundschule+Bruno+H.+B%C3%BCrgel
Wilhelm-Leuschner-Str.,gesamt,16,Grundschule+Bruno+H.+B%C3%BCrgel
Wollestr.,gesamt,16,Grundschule+Bruno+H.+B%C3%BCrgel
Alt Drewitz,gesamt,20,Grundschule+Am+Priesterweg
Am Hirtengraben,ohne HNr.,20,Grundschule+Am+Priesterweg
Asta-Nielsen-Str.,gesamt,20,Grundschule+Am+Priesterweg
Bebraer Str.,ung. 1-3,20,Grundschule+Am+Priesterweg
Conrad-Veidt-Str.,gesamt,20,Grundschule+Am+Priesterweg
Ed.-v.-Winterstein-Str.,gesamt,20,Grundschule+Am+Priesterweg
Erich-Engel-Weg,gesamt,20,Grundschule+Am+Priesterweg
Erich-Pommer-Str.,gesamt,20,Grundschule+Am+Priesterweg
Ernst-Busch-Platz,gesamt,20,Grundschule+Am+Priesterweg
Ernst-Lubitsch-Weg,gesamt,20,Grundschule+Am+Priesterweg
Friedrich-W.-Murnau-Str.,gesamt,20,Grundschule+Am+Priesterweg
Fritz-Lang-Str.,gesamt,20,Grundschule+Am+Priesterweg
GA Am Hirtengraben,gesamt,20,Grundschule+Am+Priesterweg
GA Sonnenland,gesamt,20,Grundschule+Am+Priesterweg
Gerlachstr.,gesamt,20,Grundschule+Am+Priesterweg
Guido-Seeber-Weg,gesamt,20,Grundschule+Am+Priesterweg
Günther-Simon-Str.,gesamt,20,Grundschule+Am+Priesterweg
Hans-Albers-Str.,gesamt,20,Grundschule+Am+Priesterweg
Hertha-Thiele-Weg,gesamt,20,Grundschule+Am+Priesterweg
In den Neuen Höfen,gesamt,20,Grundschule+Am+Priesterweg
Konrad-Wolf-Allee,ung. 1-63 ; ger. 2-50,20,Grundschule+Am+Priesterweg
Neuendorfer Str.,10 D,20,Grundschule+Am+Priesterweg
Neuendorfer Str.,ger. 2-8,20,Grundschule+Am+Priesterweg
Neuendorfer Str.,ung. 1-13 ; ger. 44-74,20,Grundschule+Am+Priesterweg
Neuendorfer Str.,ung. 15 D-17D; ger. 14D,20,Grundschule+Am+Priesterweg
Neuendorfer Str.,ung. 45 -73; ger. 12D,20,Grundschule+Am+Priesterweg
Nuthedamm,ung. 17-29 ; ger. 16-30,20,Grundschule+Am+Priesterweg
Oskar-Meßter-Str.,gesamt,20,Grundschule+Am+Priesterweg
Paul-Wegener-Str.,gesamt,20,Grundschule+Am+Priesterweg
Priesterweg,ung. 1-5 ; ger. 2-6,20,Grundschule+Am+Priesterweg
Robert-Baberske-Str.,gesamt,20,Grundschule+Am+Priesterweg
Slatan-Dudow-Str.,gesamt,20,Grundschule+Am+Priesterweg
Sterncenter,gesamt,20,Grundschule+Am+Priesterweg
Sternstr.,ung. 1-29B ; ger. 40-82,20,Grundschule+Am+Priesterweg
Sternstr.,ung. 39-81 ; ger. 2-28,20,Grundschule+Am+Priesterweg
Turmstr.,ung. 1-7 ; ger. 54-72,20,Grundschule+Am+Priesterweg
Turmstr.,ung. 55-71 ; ger. 2-10,20,Grundschule+Am+Priesterweg
Willi-Schiller-Weg,gesamt,20,Grundschule+Am+Priesterweg
Willy-A.-Kleinau-Weg,gesamt,20,Grundschule+Am+Priesterweg
Wolfgang-Staudte-Str.,gesamt,20,Grundschule+Am+Priesterweg
Zum Kirchsteigfeld,gesamt,20,Grundschule+Am+Priesterweg
Ahornstr.,gesamt,31,Goethe-Grundschule
Althoffstr.,gesamt,31,Goethe-Grundschule
An den Windmühlen,gesamt,31,Goethe-Grundschule
An der Sandscholle,ohne HNr.,31,Goethe-Grundschule
Anhaltstr.,gesamt,31,Goethe-Grundschule
Baberowweg,gesamt,31,Goethe-Grundschule
Beetzweg,gesamt,31,Goethe-Grundschule
Benzstr.,gesamt,31,Goethe-Grundschule
Biberweg,gesamt,31,Goethe-Grundschule
Dieselstr.,ung. 27-61 ; ger. 20-60,31,Goethe-Grundschule
Eichenweg,gesamt,31,Goethe-Grundschule
Fritz-Zubeil-Str.,gesamt,31,Goethe-Grundschule
Fultonstr.,gesamt,31,Goethe-Grundschule
GA Am Schlaatz,gesamt,31,Goethe-Grundschule
GA Glück Auf,gesamt,31,Goethe-Grundschule
GA Grüner Winkel,gesamt,31,Goethe-Grundschule
GA Moosgarten,gesamt,31,Goethe-Grundschule
GA Mühlengrund,gesamt,31,Goethe-Grundschule
GA Nuthe-Stern,gesamt,31,Goethe-Grundschule
GA Nuthestrand 1,gesamt,31,Goethe-Grundschule
GA Selbsthilfe,gesamt,31,Goethe-Grundschule
GA Uns genügts,gesamt,31,Goethe-Grundschule
Gartenstr.,gesamt,31,Goethe-Grundschule
Großbeerenstr.,ung. 29-205 ; ger. 26-152B,31,Goethe-Grundschule
Grünstr.,gesamt,31,Goethe-Grundschule
H.-v.-Kleist-Str.,gesamt,31,Goethe-Grundschule
Heideweg,gesamt,31,Goethe-Grundschule
Horstweg,ung. 1-3 ; ger. 2-10,31,Goethe-Grundschule
Jacques-Russ-Str.,gesamt,31,Goethe-Grundschule
Kleewall,gesamt,31,Goethe-Grundschule
Kleine Str.,gesamt,31,Goethe-Grundschule
Konsumhof,gesamt,31,Goethe-Grundschule
Kopernikusstr.,gesamt,31,Goethe-Grundschule
Lotte-Laserstein-Str.,gesamt,31,Goethe-Grundschule
Mitteldamm,gesamt,31,Goethe-Grundschule
Orenstein & Koppel Str.,gesamt,31,Goethe-Grundschule
Otterweg,gesamt,31,Goethe-Grundschule
Paul-Neumann-Str.,ung. 5-97,31,Goethe-Grundschule
Pestalozzistr.,gesamt,31,Goethe-Grundschule
Peter-Weiss-Platz,gesamt,31,Goethe-Grundschule
Prager Str.,gesamt,31,Goethe-Grundschule
Rudolf-Moos-Str.,gesamt,31,Goethe-Grundschule
Siemensstr.,ung. 7-37 ; ger. 10-38,31,Goethe-Grundschule
Stephensonstr.,gesamt,31,Goethe-Grundschule
Ulmenstr.,gesamt,31,Goethe-Grundschule
Walter-Klausch-Str.,gesamt,31,Goethe-Grundschule
Wattstr.,ger. 2-24,31,Goethe-Grundschule
Weidendamm,gesamt,31,Goethe-Grundschule
Wetzlarer Str.,gesamt,31,Goethe-Grundschule
Willi-Frohwein-Platz,gesamt,31,Goethe-Grundschule
Am Grünen Gitter,2 ,12,Gerhart-Hauptmann-Grundschule+Potsdam
Am Grünen Gitter,ung. 3-11 ; ger. 6-10,12,Gerhart-Hauptmann-Grundschule+Potsdam
Carl-v.-Ossietzky-Str.,gesamt,12,Gerhart-Hauptmann-Grundschule+Potsdam
Clara-Zetkin-Str.,gesamt,12,Gerhart-Hauptmann-Grundschule+Potsdam
Feuerbachstr.,ung. 15-33 ; ger. 14-32,12,Gerhart-Hauptmann-Grundschule+Potsdam
GA Hans-Sachs-Str.,gesamt,12,Gerhart-Hauptmann-Grundschule+Potsdam
GA Klein Sanssouci,gesamt,12,Gerhart-Hauptmann-Grundschule+Potsdam
Geschw.-Scholl-Str.,ung. 1-35 ; ger. 2-36,12,Gerhart-Hauptmann-Grundschule+Potsdam
Hans-Sachs-Str.,gesamt,12,Gerhart-Hauptmann-Grundschule+Potsdam
Im Park Sanssouci,gesamt,12,Gerhart-Hauptmann-Grundschule+Potsdam
Lennestr.,ung. 9-55 ; ger. 10-54,12,Gerhart-Hauptmann-Grundschule+Potsdam
Maulbeerallee,ung. 1-3 ; ger. 2-4A,12,Gerhart-Hauptmann-Grundschule+Potsdam
Meistersingerstr.,gesamt,12,Gerhart-Hauptmann-Grundschule+Potsdam
Nansenstr.,ung. 1-25 ; ger. 2-24,12,Gerhart-Hauptmann-Grundschule+Potsdam
Schopenhauerstr.,ung. 23 ; ger. 24,12,Gerhart-Hauptmann-Grundschule+Potsdam
Sellostr.,ung. 15B-29 ; ger. 16-30,12,Gerhart-Hauptmann-Grundschule+Potsdam
Zur Historischen Mühle,ohne HNr.,12,Gerhart-Hauptmann-Grundschule+Potsdam
Alleestr.,gesamt,24,Eisenhart-Schule
Am Neuen Garten,ger. 2-28,24,Eisenhart-Schule
Am Neuen Garten,ung. 1 -27; ger. 64,24,Eisenhart-Schule
Am Palais Lichtenau,gesamt,24,Eisenhart-Schule
Am Schragen,ohne HNr.,24,Eisenhart-Schule
Behlertstr.,ung. 5-31 ; ger. 4A-32,24,Eisenhart-Schule
Benkertstr.,gesamt,24,Eisenhart-Schule
Bertha-v.-Suttner-Str.,gesamt,24,Eisenhart-Schule
Beyerstr.,gesamt,24,Eisenhart-Schule
Birkenstr.,gesamt,24,Eisenhart-Schule
Dortustr.,ung. 1-9 ; ger. 66-74,24,Eisenhart-Schule
Dortustr.,ung. 65-73 ; ger. 2-10,24,Eisenhart-Schule
Eisenhartstr.,gesamt,24,Eisenhart-Schule
Friedrich-Ebert-Str.,ung. 21-91 ; ger. 20-92,24,Eisenhart-Schule
Glumestr.,ung. 7 ; ger. 6-8,24,Eisenhart-Schule
Große Weinmeisterstr.,ung. 1-15 ; ger. 52-64,24,Eisenhart-Schule
Große Weinmeisterstr.,ung. 51-63F ; ger. 2-14B,24,Eisenhart-Schule
Gutenbergstr.,ung. 59-101 ; ger. 60-102,24,Eisenhart-Schule
Hans-Thoma-Str.,ung. 9-13 ; ger. 10-14,24,Eisenhart-Schule
Hebbelstr.,ung. 3-55 ; ger. 2-56,24,Eisenhart-Schule
Hegelallee,ung. 1-9 ; ger. 44-56,24,Eisenhart-Schule
Hegelallee,ung. 45-57 ; ger. 2-10,24,Eisenhart-Schule
Helene-Lange-Str.,gesamt,24,Eisenhart-Schule
Hessestr.,ung. 1-9C ; ger. 10-18,24,Eisenhart-Schule
Hessestr.,ung. 11-19 ; ger. 2-8,24,Eisenhart-Schule
Im Neuen Garten,ung. 1-9 ; ger. 2-10,24,Eisenhart-Schule
Jägerallee,ung. 1-19 ; ger. 2-18,24,Eisenhart-Schule
Jägerstr.,ung. 1-9 ; ger. 34-42,24,Eisenhart-Schule
Jägerstr.,ung. 33-41 ; ger. 2-10,24,Eisenhart-Schule
Kleine Weinmeisterstr.,gesamt,24,Eisenhart-Schule
Kurfürstenstr.,ung. 1-31 ; ger. 36-54,24,Eisenhart-Schule
Kurfürstenstr.,ung. 49-53 ; ger. 2-30,24,Eisenhart-Schule
Leiblstr.,gesamt,24,Eisenhart-Schule
Lindenstr.,ung. 57-65 ; ger. 58-66,24,Eisenhart-Schule
Mangerstr.,ohne HNr.,24,Eisenhart-Schule
Mittelstr.,gesamt,24,Eisenhart-Schule
Persiusstr.,ung. 7-13 ; ger. 8-16,24,Eisenhart-Schule
Puschkinallee,ung. 1-13 ; ger. 2-14C,24,Eisenhart-Schule
Reiterweg,gesamt,24,Eisenhart-Schule
Russische Kolonie,ung. 1-13 ; ger. 2-12,24,Eisenhart-Schule
